{
    "pc_index_0_based": 7,
    "pc_number_1_based": 8,
    "num_edges": 83,
    "color_range": {
        "vmin": -0.03753966406658257,
        "vmax": 0.03753966406658257
    },
    "edge_indices": [
        70,
        71,
        72,
        110,
        151,
        168,
        183,
        186,
        189,
        202,
        205,
        222,
        225,
        11330,
        11345,
        11346,
        12258,
        12261,
        12264,
        12560,
        16848,
        17032,
        17035,
        17171,
        17217,
        17220,
        17356,
        18340,
        18341,
        18342,
        18355,
        18356,
        18357,
        18493,
        18520,
        18521,
        18522,
        18920,
        18921,
        18932,
        18933,
        18934,
        18935,
        18936,
        19072,
        19100,
        19101,
        19318,
        19457,
        19501,
        19515,
        19698,
        19713,
        19716,
        19719,
        19858,
        19893,
        19896,
        19899,
        19912,
        19915,
        20051,
        20092,
        20095,
        20112,
        20115,
        20251,
        20292,
        20295,
        54620,
        54632,
        54635,
        54636,
        54801,
        54812,
        54815,
        54816,
        56628,
        56631,
        56767,
        56808,
        56811,
        56815
    ],
    "network_statistics": {
        "nodes_per_network": {
            "Limbic": 28,
            "DefaultMode": 4,
            "SomatoMotor": 3,
            "PrefrontalControlA": 2
        },
        "per_network": {
            "Limbic": 100,
            "DefaultMode": 39,
            "SomatoMotor": 21,
            "PrefrontalControlA": 6
        },
        "intra_network": {
            "Limbic": 25,
            "SomatoMotor": 1
        },
        "inter_network": {
            "DefaultMode \u2194 Limbic": 35,
            "Limbic \u2194 SomatoMotor": 15,
            "PrefrontalControlA \u2194 SomatoMotor": 3,
            "DefaultMode \u2194 PrefrontalControlA": 3,
            "DefaultMode \u2194 SomatoMotor": 1
        }
    }
}