{
    "pc_index_0_based": 1,
    "pc_number_1_based": 2,
    "num_edges": 117,
    "color_range": {
        "vmin": -0.12147462747341509,
        "vmax": 0.12147462747341509
    },
    "edge_indices": [
        232,
        603,
        1232,
        1260,
        1325,
        1333,
        1334,
        1361,
        1376,
        16291,
        16312,
        16445,
        16656,
        16840,
        17025,
        17398,
        17426,
        17441,
        17443,
        17586,
        17613,
        17628,
        17630,
        20302,
        20323,
        20456,
        20482,
        23055,
        26342,
        26343,
        26370,
        26385,
        26386,
        26387,
        26522,
        26615,
        26616,
        26795,
        26803,
        26804,
        26831,
        26846,
        26848,
        26983,
        26984,
        27026,
        27259,
        39441,
        44970,
        56100,
        56126,
        65753,
        65933,
        67903,
        67904,
        67946,
        67947,
        67948,
        68083,
        68084,
        68126,
        68127,
        68128,
        68258,
        68259,
        68627,
        68634,
        68997,
        75696,
        75828,
        75835,
        75836,
        75837,
        75905,
        76085,
        76224,
        78217,
        78218,
        78260,
        78261,
        78262,
        78397,
        78398,
        78440,
        78441,
        78442,
        78572,
        78573,
        78579,
        78580,
        78968,
        78969,
        78975,
        78976,
        78977,
        78995,
        79053,
        79190,
        79233,
        79365,
        79372,
        79373,
        79374,
        79392,
        79400,
        88838,
        88881,
        88882,
        89061,
        89200,
        89227,
        89683,
        89726,
        90921,
        90947,
        97883,
        97888
    ],
    "network_statistics": {
        "nodes_per_network": {
            "Subcortical": 16,
            "Limbic": 13,
            "PrefrontalControlA": 13,
            "SomatoMotor": 7,
            "Cerebellum": 6,
            "DefaultMode": 3,
            "PrefrontalControlB": 1,
            "Salience": 1
        },
        "per_network": {
            "Subcortical": 81,
            "PrefrontalControlA": 71,
            "Limbic": 30,
            "SomatoMotor": 25,
            "Cerebellum": 15,
            "PrefrontalControlB": 6,
            "DefaultMode": 5,
            "Salience": 1
        },
        "intra_network": {
            "Subcortical": 24,
            "PrefrontalControlA": 9,
            "Limbic": 6,
            "Cerebellum": 3,
            "SomatoMotor": 1
        },
        "inter_network": {
            "PrefrontalControlA \u2194 Subcortical": 24,
            "PrefrontalControlA \u2194 SomatoMotor": 11,
            "Limbic \u2194 PrefrontalControlA": 8,
            "Cerebellum \u2194 PrefrontalControlA": 6,
            "Limbic \u2194 SomatoMotor": 4,
            "SomatoMotor \u2194 Subcortical": 4,
            "Cerebellum \u2194 Subcortical": 3,
            "DefaultMode \u2194 SomatoMotor": 2,
            "PrefrontalControlB \u2194 SomatoMotor": 2,
            "PrefrontalControlA \u2194 PrefrontalControlB": 2,
            "DefaultMode \u2194 PrefrontalControlA": 2,
            "Limbic \u2194 PrefrontalControlB": 2,
            "Limbic \u2194 Subcortical": 2,
            "DefaultMode \u2194 Limbic": 1,
            "Limbic \u2194 Salience": 1
        }
    }
}