{
    "pc_index_0_based": 7,
    "pc_number_1_based": 8,
    "num_edges": 58,
    "color_range": {
        "vmin": -0.039403734077273225,
        "vmax": 0.039403734077273225
    },
    "edge_indices": [
        70,
        71,
        72,
        110,
        168,
        183,
        202,
        205,
        222,
        225,
        11330,
        11345,
        11346,
        12258,
        12261,
        16848,
        17032,
        17035,
        17171,
        17217,
        18340,
        18341,
        18342,
        18355,
        18356,
        18357,
        18493,
        18520,
        18521,
        18522,
        18920,
        18921,
        18935,
        18936,
        19072,
        19100,
        19101,
        19698,
        19713,
        19858,
        19896,
        19912,
        19915,
        20051,
        20092,
        20095,
        20112,
        20115,
        20251,
        20292,
        20295,
        54635,
        54636,
        54815,
        54816,
        56628,
        56811,
        56815
    ],
    "network_statistics": {
        "nodes_per_network": {
            "Limbic": 24,
            "DefaultMode": 4,
            "SomatoMotor": 3,
            "PrefrontalControlA": 2
        },
        "per_network": {
            "Limbic": 64,
            "DefaultMode": 28,
            "SomatoMotor": 19,
            "PrefrontalControlA": 5
        },
        "intra_network": {
            "Limbic": 12,
            "SomatoMotor": 1
        },
        "inter_network": {
            "DefaultMode \u2194 Limbic": 26,
            "Limbic \u2194 SomatoMotor": 14,
            "PrefrontalControlA \u2194 SomatoMotor": 3,
            "DefaultMode \u2194 PrefrontalControlA": 2
        }
    }
}