{
    "pc_index_0_based": 1,
    "pc_number_1_based": 2,
    "num_edges": 118,
    "color_range": {
        "vmin": -0.05861526270038009,
        "vmax": 0.05861526270038009
    },
    "edge_indices": [
        3,
        603,
        1232,
        1233,
        1247,
        1260,
        1263,
        1282,
        1283,
        1310,
        1325,
        1361,
        1376,
        1377,
        16833,
        17398,
        17430,
        17441,
        17442,
        17444,
        17585,
        17586,
        17613,
        17628,
        17629,
        20351,
        20352,
        23013,
        23055,
        23056,
        23193,
        23703,
        23878,
        23921,
        23923,
        26342,
        26343,
        26357,
        26370,
        26373,
        26374,
        26385,
        26386,
        26387,
        26490,
        26522,
        26523,
        26537,
        26550,
        26553,
        26572,
        26573,
        26587,
        26600,
        26615,
        26616,
        26617,
        26689,
        26752,
        26753,
        26780,
        26795,
        26831,
        26835,
        26846,
        26847,
        27026,
        27027,
        27035,
        55995,
        56175,
        67903,
        67931,
        67934,
        67935,
        67947,
        67948,
        67949,
        67996,
        68083,
        68111,
        68115,
        68127,
        68128,
        68129,
        68130,
        68176,
        78217,
        78218,
        78245,
        78249,
        78260,
        78261,
        78262,
        78397,
        78398,
        78429,
        78440,
        78441,
        78442,
        78490,
        88882,
        89062,
        89200,
        89227,
        89726,
        89727,
        89906,
        89907,
        90151,
        90331,
        90469,
        90496,
        90921,
        96630,
        96631,
        96810,
        96811
    ],
    "network_statistics": {
        "nodes_per_network": {
            "PrefrontalControlA": 21,
            "SomatoMotor": 8,
            "Limbic": 7,
            "Cerebellum": 5,
            "Subcortical": 4,
            "PrefrontalControlB": 3,
            "DefaultMode": 2
        },
        "per_network": {
            "PrefrontalControlA": 93,
            "SomatoMotor": 49,
            "Subcortical": 35,
            "Limbic": 21,
            "Cerebellum": 17,
            "PrefrontalControlB": 16,
            "DefaultMode": 5
        },
        "intra_network": {
            "SomatoMotor": 8,
            "PrefrontalControlA": 6,
            "Limbic": 1
        },
        "inter_network": {
            "PrefrontalControlA \u2194 Subcortical": 25,
            "PrefrontalControlA \u2194 SomatoMotor": 20,
            "Limbic \u2194 PrefrontalControlA": 16,
            "Cerebellum \u2194 PrefrontalControlA": 12,
            "PrefrontalControlB \u2194 SomatoMotor": 6,
            "PrefrontalControlA \u2194 PrefrontalControlB": 6,
            "Cerebellum \u2194 Subcortical": 5,
            "DefaultMode \u2194 SomatoMotor": 3,
            "PrefrontalControlB \u2194 Subcortical": 3,
            "Limbic \u2194 SomatoMotor": 2,
            "DefaultMode \u2194 PrefrontalControlA": 2,
            "SomatoMotor \u2194 Subcortical": 2,
            "Limbic \u2194 PrefrontalControlB": 1
        }
    }
}