{
    "pc_index_0_based": 7.0,
    "pc_number_1_based": 8.0,
    "num_edges": 82,
    "color_range": {
        "vmin": -0.06232503444082763,
        "vmax": 0.06232503444082763
    },
    "edge_indices": [
        12,
        13,
        17,
        18,
        70,
        72,
        110,
        165,
        183,
        205,
        222,
        225,
        3181,
        11330,
        11345,
        11346,
        11481,
        11482,
        11780,
        12258,
        12261,
        12397,
        16476,
        16658,
        16848,
        17171,
        17172,
        17207,
        17217,
        17357,
        18340,
        18341,
        18342,
        18355,
        18356,
        18357,
        18493,
        18520,
        18521,
        18522,
        18920,
        18935,
        18936,
        19072,
        19318,
        19498,
        19698,
        19713,
        19893,
        19896,
        19902,
        19912,
        19915,
        20051,
        20082,
        20092,
        20095,
        20102,
        20112,
        20251,
        20292,
        20295,
        32943,
        54635,
        54636,
        54772,
        54815,
        54816,
        54951,
        54952,
        55099,
        55132,
        55610,
        55957,
        56137,
        56276,
        56628,
        56767,
        56808,
        56811,
        56873,
        56947
    ],
    "network_statistics": {
        "nodes_per_network": {
            "Limbic": 32,
            "DefaultMode": 7,
            "SomatoMotor": 5,
            "PrefrontalControlA": 2,
            "DorsalAttention": 2
        },
        "per_network": {
            "Limbic": 98,
            "DefaultMode": 38,
            "SomatoMotor": 20,
            "PrefrontalControlA": 6,
            "DorsalAttention": 2
        },
        "intra_network": {
            "Limbic": 24,
            "SomatoMotor": 1
        },
        "inter_network": {
            "DefaultMode \u2194 Limbic": 34,
            "Limbic \u2194 SomatoMotor": 14,
            "PrefrontalControlA \u2194 SomatoMotor": 3,
            "DefaultMode \u2194 PrefrontalControlA": 3,
            "DorsalAttention \u2194 Limbic": 2,
            "DefaultMode \u2194 SomatoMotor": 1
        }
    }
}