{
    "pc_index_0_based": 1.0,
    "pc_number_1_based": 2.0,
    "num_edges": 87,
    "color_range": {
        "vmin": -0.10735056669656333,
        "vmax": 0.10735056669656333
    },
    "edge_indices": [
        603,
        1232,
        1233,
        1247,
        1260,
        1263,
        1282,
        1283,
        1292,
        1297,
        1310,
        1313,
        1325,
        1361,
        1376,
        1377,
        11985,
        11986,
        17398,
        17441,
        17442,
        17585,
        17586,
        17613,
        17628,
        17629,
        20351,
        20352,
        23013,
        23055,
        23056,
        23057,
        23193,
        23921,
        26342,
        26343,
        26357,
        26370,
        26373,
        26374,
        26385,
        26386,
        26387,
        26522,
        26523,
        26550,
        26572,
        26573,
        26600,
        26603,
        26615,
        26616,
        26617,
        26752,
        26753,
        26780,
        26795,
        26803,
        26831,
        26846,
        26847,
        27011,
        27026,
        27027,
        39110,
        55995,
        55996,
        67903,
        67904,
        67935,
        67946,
        67947,
        67948,
        68083,
        68084,
        68126,
        68128,
        78217,
        78218,
        78260,
        78261,
        78262,
        78397,
        78398,
        78440,
        78441,
        78442
    ],
    "network_statistics": {
        "nodes_per_network": {
            "PrefrontalControlA": 13,
            "Limbic": 7,
            "SomatoMotor": 6,
            "PrefrontalControlB": 4,
            "DefaultMode": 2,
            "Subcortical": 2
        },
        "per_network": {
            "PrefrontalControlA": 70,
            "SomatoMotor": 47,
            "Subcortical": 20,
            "Limbic": 19,
            "PrefrontalControlB": 12,
            "DefaultMode": 6
        },
        "intra_network": {
            "SomatoMotor": 6,
            "PrefrontalControlA": 5
        },
        "inter_network": {
            "PrefrontalControlA \u2194 SomatoMotor": 20,
            "Limbic \u2194 PrefrontalControlA": 16,
            "PrefrontalControlA \u2194 Subcortical": 16,
            "PrefrontalControlB \u2194 SomatoMotor": 6,
            "PrefrontalControlA \u2194 PrefrontalControlB": 5,
            "SomatoMotor \u2194 Subcortical": 4,
            "DefaultMode \u2194 SomatoMotor": 3,
            "DefaultMode \u2194 PrefrontalControlA": 3,
            "Limbic \u2194 SomatoMotor": 2,
            "Limbic \u2194 PrefrontalControlB": 1
        }
    }
}