{
    "pc_index_0_based": 1,
    "pc_number_1_based": 2,
    "num_edges": 117,
    "color_range": {
        "vmin": -0.16913069661520064,
        "vmax": 0.16913069661520064
    },
    "edge_indices": [
        232,
        603,
        1232,
        1260,
        1325,
        1333,
        1334,
        1361,
        1376,
        16291,
        16312,
        16445,
        16656,
        16840,
        17025,
        17398,
        17426,
        17441,
        17443,
        17586,
        17613,
        17628,
        17630,
        20302,
        20323,
        20456,
        20482,
        23055,
        26342,
        26343,
        26370,
        26385,
        26386,
        26387,
        26522,
        26615,
        26616,
        26795,
        26803,
        26804,
        26831,
        26846,
        26848,
        26983,
        26984,
        27026,
        27259,
        39441,
        44970,
        56100,
        56126,
        65710,
        65753,
        65933,
        67903,
        67904,
        67946,
        67947,
        67948,
        68083,
        68084,
        68126,
        68127,
        68128,
        68258,
        68259,
        68627,
        68634,
        68997,
        75696,
        75828,
        75835,
        75836,
        75837,
        75905,
        76085,
        76224,
        78217,
        78218,
        78260,
        78261,
        78262,
        78397,
        78398,
        78440,
        78441,
        78442,
        78572,
        78573,
        78579,
        78580,
        78968,
        78969,
        78975,
        78976,
        78977,
        78995,
        79010,
        79053,
        79190,
        79233,
        79365,
        79373,
        79374,
        79392,
        79400,
        88838,
        88881,
        88882,
        89061,
        89200,
        89227,
        89683,
        89726,
        90921,
        90947,
        97883
    ],
    "network_statistics": {
        "per_network": {
            "Somatomotor": 120,
            "Visual2": 24,
            "Unknown": 23,
            "Ventral Attention": 13,
            "Frontoparietal": 13,
            "Limbic": 12,
            "Visual1": 10,
            "Dorsal Attention": 9,
            "Default": 9,
            "Subcortical": 1
        },
        "intra_network": {
            "Somatomotor": 29,
            "Unknown": 1
        },
        "inter_network": {
            "Somatomotor \u2194 Visual2": 13,
            "Frontoparietal \u2194 Somatomotor": 10,
            "Somatomotor \u2194 Unknown": 9,
            "Somatomotor \u2194 Ventral Attention": 8,
            "Unknown \u2194 Visual2": 7,
            "Default \u2194 Somatomotor": 7,
            "Limbic \u2194 Somatomotor": 6,
            "Somatomotor \u2194 Visual1": 5,
            "Visual1 \u2194 Visual2": 3,
            "Dorsal Attention \u2194 Somatomotor": 3,
            "Unknown \u2194 Ventral Attention": 3,
            "Dorsal Attention \u2194 Limbic": 2,
            "Limbic \u2194 Unknown": 2,
            "Dorsal Attention \u2194 Visual1": 1,
            "Default \u2194 Frontoparietal": 1,
            "Dorsal Attention \u2194 Ventral Attention": 1,
            "Somatomotor \u2194 Subcortical": 1,
            "Dorsal Attention \u2194 Visual2": 1,
            "Default \u2194 Visual1": 1,
            "Limbic \u2194 Ventral Attention": 1,
            "Dorsal Attention \u2194 Frontoparietal": 1,
            "Frontoparietal \u2194 Limbic": 1
        }
    }
}