{
    "pc_index_0_based": 7,
    "pc_number_1_based": 8,
    "num_edges": 95,
    "color_range": {
        "vmin": -0.03453911869741423,
        "vmax": 0.03453911869741423
    },
    "edge_indices": [
        70,
        72,
        110,
        111,
        148,
        151,
        168,
        186,
        189,
        202,
        205,
        222,
        225,
        11330,
        11331,
        11342,
        11345,
        11346,
        11640,
        12261,
        12397,
        12560,
        16848,
        17035,
        17171,
        17217,
        17220,
        17356,
        18339,
        18340,
        18353,
        18356,
        18357,
        18520,
        18522,
        18919,
        18920,
        18921,
        18932,
        18933,
        18934,
        18935,
        18936,
        19068,
        19072,
        19099,
        19100,
        19101,
        19318,
        19321,
        19457,
        19498,
        19501,
        19515,
        19518,
        19695,
        19698,
        19706,
        19707,
        19716,
        19719,
        19858,
        19896,
        19899,
        19912,
        19915,
        20051,
        20092,
        20095,
        20099,
        20112,
        20115,
        20251,
        20292,
        20295,
        54620,
        54621,
        54632,
        54635,
        54636,
        54800,
        54801,
        54812,
        54814,
        54815,
        54816,
        55957,
        56137,
        56140,
        56276,
        56631,
        56767,
        56811,
        56815,
        57110
    ],
    "network_statistics": {
        "nodes_per_network": {
            "Limbic": 33,
            "SomatoMotor": 4,
            "DefaultMode": 4,
            "PrefrontalControlA": 2
        },
        "per_network": {
            "Limbic": 113,
            "DefaultMode": 47,
            "SomatoMotor": 21,
            "PrefrontalControlA": 9
        },
        "intra_network": {
            "Limbic": 29,
            "SomatoMotor": 1
        },
        "inter_network": {
            "DefaultMode \u2194 Limbic": 39,
            "Limbic \u2194 SomatoMotor": 15,
            "DefaultMode \u2194 PrefrontalControlA": 6,
            "PrefrontalControlA \u2194 SomatoMotor": 2,
            "DefaultMode \u2194 SomatoMotor": 2,
            "Limbic \u2194 PrefrontalControlA": 1
        }
    }
}