{
    "pc_index_0_based": 1.0,
    "pc_number_1_based": 2.0,
    "num_edges": 59,
    "color_range": {
        "vmin": -0.17781504775349197,
        "vmax": 0.17781504775349197
    },
    "edge_indices": [
        232,
        1260,
        1333,
        16291,
        16312,
        16445,
        17025,
        17398,
        20302,
        20323,
        20456,
        26385,
        26848,
        65753,
        65933,
        67903,
        67904,
        67946,
        67947,
        67948,
        68083,
        68084,
        68126,
        68127,
        68128,
        68258,
        68259,
        68627,
        68997,
        75828,
        75835,
        75836,
        75837,
        75905,
        76085,
        76224,
        78217,
        78218,
        78260,
        78261,
        78262,
        78397,
        78398,
        78440,
        78441,
        78442,
        78572,
        78573,
        78579,
        78968,
        78975,
        78976,
        78995,
        79365,
        79392,
        89200,
        89227,
        90947,
        97883
    ],
    "network_statistics": {
        "nodes_per_network": {
            "Subcortical": 16,
            "PrefrontalControlA": 11,
            "Limbic": 6,
            "SomatoMotor": 5,
            "Cerebellum": 4,
            "PrefrontalControlB": 1,
            "DefaultMode": 1
        },
        "per_network": {
            "Subcortical": 62,
            "PrefrontalControlA": 28,
            "Limbic": 10,
            "SomatoMotor": 8,
            "Cerebellum": 6,
            "DefaultMode": 3,
            "PrefrontalControlB": 1
        },
        "intra_network": {
            "Subcortical": 18,
            "Limbic": 3,
            "PrefrontalControlA": 2,
            "Cerebellum": 2
        },
        "inter_network": {
            "PrefrontalControlA \u2194 Subcortical": 20,
            "SomatoMotor \u2194 Subcortical": 4,
            "Limbic \u2194 PrefrontalControlA": 2,
            "Cerebellum \u2194 Subcortical": 2,
            "PrefrontalControlB \u2194 SomatoMotor": 1,
            "DefaultMode \u2194 Limbic": 1,
            "DefaultMode \u2194 PrefrontalControlA": 1,
            "DefaultMode \u2194 SomatoMotor": 1,
            "Limbic \u2194 SomatoMotor": 1,
            "PrefrontalControlA \u2194 SomatoMotor": 1
        }
    }
}