{
    "pc_index_0_based": 1,
    "pc_number_1_based": 2,
    "num_edges": 135,
    "color_range": {
        "vmin": -0.13753981579838415,
        "vmax": 0.13753981579838415
    },
    "edge_indices": [
        232,
        602,
        603,
        1232,
        1260,
        1325,
        1333,
        1334,
        1361,
        1376,
        16291,
        16312,
        16445,
        16656,
        16840,
        17025,
        17398,
        17399,
        17426,
        17441,
        17443,
        17585,
        17586,
        17613,
        17628,
        17630,
        20302,
        20323,
        20456,
        20482,
        23055,
        23057,
        26342,
        26343,
        26370,
        26385,
        26386,
        26387,
        26522,
        26615,
        26616,
        26795,
        26803,
        26804,
        26831,
        26846,
        26848,
        26983,
        26984,
        27026,
        27259,
        39441,
        44970,
        55967,
        56100,
        56126,
        65710,
        65753,
        65933,
        65934,
        67903,
        67904,
        67946,
        67947,
        67948,
        68083,
        68084,
        68126,
        68127,
        68128,
        68258,
        68259,
        68627,
        68634,
        68997,
        75516,
        75696,
        75828,
        75835,
        75836,
        75837,
        75905,
        76085,
        76224,
        78217,
        78218,
        78260,
        78261,
        78262,
        78397,
        78398,
        78440,
        78441,
        78442,
        78572,
        78573,
        78579,
        78580,
        78599,
        78600,
        78968,
        78969,
        78975,
        78976,
        78977,
        78995,
        79002,
        79010,
        79053,
        79190,
        79233,
        79365,
        79372,
        79373,
        79374,
        79392,
        79400,
        88838,
        88881,
        88882,
        89018,
        89061,
        89200,
        89227,
        89683,
        89726,
        89727,
        89863,
        89906,
        90045,
        90072,
        90894,
        90921,
        90947,
        97883
    ],
    "network_statistics": {
        "nodes_per_network": {
            "Subcortical": 17,
            "Limbic": 13,
            "PrefrontalControlA": 13,
            "SomatoMotor": 7,
            "Cerebellum": 5,
            "DefaultMode": 3,
            "PrefrontalControlB": 1,
            "Salience": 1
        },
        "per_network": {
            "Subcortical": 93,
            "PrefrontalControlA": 83,
            "Limbic": 34,
            "SomatoMotor": 26,
            "Cerebellum": 20,
            "DefaultMode": 7,
            "PrefrontalControlB": 6,
            "Salience": 1
        },
        "intra_network": {
            "Subcortical": 26,
            "PrefrontalControlA": 9,
            "Limbic": 6,
            "Cerebellum": 2,
            "SomatoMotor": 1
        },
        "inter_network": {
            "PrefrontalControlA \u2194 Subcortical": 28,
            "PrefrontalControlA \u2194 SomatoMotor": 11,
            "Limbic \u2194 PrefrontalControlA": 10,
            "Cerebellum \u2194 PrefrontalControlA": 10,
            "Cerebellum \u2194 Subcortical": 6,
            "Limbic \u2194 SomatoMotor": 5,
            "DefaultMode \u2194 PrefrontalControlA": 4,
            "SomatoMotor \u2194 Subcortical": 4,
            "Limbic \u2194 Subcortical": 3,
            "DefaultMode \u2194 SomatoMotor": 2,
            "PrefrontalControlB \u2194 SomatoMotor": 2,
            "PrefrontalControlA \u2194 PrefrontalControlB": 2,
            "Limbic \u2194 PrefrontalControlB": 2,
            "DefaultMode \u2194 Limbic": 1,
            "Limbic \u2194 Salience": 1
        }
    }
}