{
    "pc_index_0_based": 1,
    "pc_number_1_based": 2,
    "num_edges": 114,
    "color_range": {
        "vmin": -0.10483994549232786,
        "vmax": 0.10483994549232786
    },
    "edge_indices": [
        1247,
        1282,
        1283,
        1292,
        1297,
        1310,
        1313,
        1325,
        1377,
        1385,
        1413,
        7677,
        11985,
        17437,
        17442,
        17444,
        17629,
        20351,
        20352,
        23055,
        23056,
        23703,
        25432,
        26336,
        26352,
        26357,
        26373,
        26374,
        26386,
        26490,
        26537,
        26550,
        26572,
        26573,
        26582,
        26587,
        26600,
        26603,
        26615,
        26616,
        26617,
        26689,
        26720,
        26752,
        26753,
        26767,
        26780,
        26795,
        26847,
        26849,
        27027,
        27035,
        27063,
        27080,
        27215,
        46107,
        46287,
        55995,
        55996,
        56175,
        56176,
        67903,
        67904,
        67931,
        67934,
        67935,
        67946,
        67947,
        67948,
        67949,
        67996,
        68083,
        68084,
        68111,
        68115,
        68126,
        68127,
        68128,
        68130,
        68176,
        78217,
        78218,
        78245,
        78249,
        78260,
        78261,
        78262,
        78397,
        78398,
        78425,
        78429,
        78440,
        78441,
        78442,
        78490,
        87622,
        88881,
        88882,
        89062,
        89200,
        89227,
        89726,
        89727,
        89906,
        89907,
        90151,
        90331,
        90469,
        90496,
        90921,
        96630,
        96631,
        96810,
        96811
    ],
    "network_statistics": {
        "per_network": {
            "Frontoparietal": 92,
            "Visual2": 42,
            "Subcortical": 39,
            "Ventral Attention": 20,
            "Cerebellum": 19,
            "Default": 11,
            "Dorsal Attention": 5
        },
        "intra_network": {
            "Frontoparietal": 6,
            "Visual2": 5
        },
        "inter_network": {
            "Frontoparietal \u2194 Subcortical": 26,
            "Frontoparietal \u2194 Visual2": 18,
            "Frontoparietal \u2194 Ventral Attention": 14,
            "Cerebellum \u2194 Frontoparietal": 14,
            "Ventral Attention \u2194 Visual2": 6,
            "Dorsal Attention \u2194 Frontoparietal": 5,
            "Cerebellum \u2194 Subcortical": 5,
            "Default \u2194 Visual2": 4,
            "Subcortical \u2194 Visual2": 4,
            "Default \u2194 Subcortical": 4,
            "Default \u2194 Frontoparietal": 3
        }
    }
}