{
    "pc_index_0_based": 7,
    "pc_number_1_based": 8,
    "num_edges": 44,
    "color_range": {
        "vmin": -0.043744302073982055,
        "vmax": 0.043744302073982055
    },
    "edge_indices": [
        70,
        71,
        72,
        110,
        168,
        183,
        186,
        202,
        205,
        222,
        225,
        12258,
        12261,
        16848,
        17032,
        17035,
        17217,
        18340,
        18341,
        18342,
        18356,
        18357,
        18520,
        18521,
        18522,
        18920,
        18935,
        18936,
        19072,
        19100,
        19713,
        19716,
        19896,
        19912,
        19915,
        20051,
        20092,
        20095,
        20112,
        20115,
        20292,
        20295,
        54815,
        56811
    ],
    "network_statistics": {
        "nodes_per_network": {
            "Limbic": 21,
            "SomatoMotor": 3,
            "DefaultMode": 3,
            "PrefrontalControlA": 2
        },
        "per_network": {
            "Limbic": 51,
            "DefaultMode": 19,
            "SomatoMotor": 15,
            "PrefrontalControlA": 3
        },
        "intra_network": {
            "Limbic": 10
        },
        "inter_network": {
            "DefaultMode \u2194 Limbic": 19,
            "Limbic \u2194 SomatoMotor": 12,
            "PrefrontalControlA \u2194 SomatoMotor": 3
        }
    }
}