{
    "pc_index_0_based": 1.0,
    "pc_number_1_based": 2.0,
    "num_edges": 152,
    "color_range": {
        "vmin": -0.12179795193593072,
        "vmax": 0.12179795193593072
    },
    "edge_indices": [
        35,
        602,
        603,
        617,
        748,
        776,
        1232,
        1233,
        1247,
        1260,
        1263,
        1264,
        1282,
        1283,
        1292,
        1297,
        1310,
        1313,
        1314,
        1325,
        1333,
        1361,
        1365,
        1376,
        1377,
        1413,
        4985,
        11985,
        11986,
        16291,
        17398,
        17399,
        17426,
        17430,
        17441,
        17442,
        17443,
        17444,
        17585,
        17586,
        17613,
        17616,
        17617,
        17628,
        17629,
        17630,
        20323,
        20336,
        20351,
        20352,
        23012,
        23013,
        23055,
        23056,
        23057,
        23058,
        23193,
        23703,
        23878,
        23879,
        23906,
        23921,
        23923,
        24058,
        24059,
        26342,
        26343,
        26357,
        26370,
        26373,
        26374,
        26385,
        26386,
        26387,
        26388,
        26435,
        26490,
        26522,
        26523,
        26537,
        26550,
        26553,
        26554,
        26572,
        26573,
        26587,
        26600,
        26603,
        26604,
        26615,
        26616,
        26617,
        26665,
        26720,
        26752,
        26753,
        26780,
        26795,
        26803,
        26804,
        26831,
        26835,
        26846,
        26847,
        26848,
        26983,
        26984,
        27011,
        27015,
        27026,
        27027,
        27063,
        27243,
        39067,
        39095,
        39110,
        39111,
        39290,
        39291,
        39292,
        55995,
        55996,
        56175,
        56176,
        67903,
        67904,
        67931,
        67935,
        67946,
        67947,
        67948,
        67996,
        68083,
        68084,
        68115,
        68126,
        68127,
        68128,
        68176,
        78217,
        78218,
        78245,
        78249,
        78260,
        78261,
        78262,
        78397,
        78398,
        78429,
        78440,
        78441,
        78442
    ],
    "network_statistics": {
        "nodes_per_network": {
            "PrefrontalControlA": 21,
            "Limbic": 8,
            "SomatoMotor": 7,
            "PrefrontalControlB": 5,
            "DefaultMode": 3,
            "Subcortical": 2
        },
        "per_network": {
            "PrefrontalControlA": 128,
            "SomatoMotor": 66,
            "PrefrontalControlB": 38,
            "Limbic": 33,
            "Subcortical": 28,
            "DefaultMode": 11
        },
        "intra_network": {
            "PrefrontalControlA": 11,
            "SomatoMotor": 8,
            "PrefrontalControlB": 3
        },
        "inter_network": {
            "PrefrontalControlA \u2194 SomatoMotor": 32,
            "Limbic \u2194 PrefrontalControlA": 26,
            "PrefrontalControlA \u2194 Subcortical": 22,
            "PrefrontalControlA \u2194 PrefrontalControlB": 19,
            "PrefrontalControlB \u2194 SomatoMotor": 8,
            "DefaultMode \u2194 PrefrontalControlA": 7,
            "SomatoMotor \u2194 Subcortical": 4,
            "DefaultMode \u2194 SomatoMotor": 3,
            "Limbic \u2194 SomatoMotor": 3,
            "Limbic \u2194 PrefrontalControlB": 3,
            "PrefrontalControlB \u2194 Subcortical": 2,
            "DefaultMode \u2194 Limbic": 1
        }
    }
}