{
    "pc_index_0_based": 7,
    "pc_number_1_based": 8,
    "num_edges": 68,
    "color_range": {
        "vmin": -0.040538692153059996,
        "vmax": 0.040538692153059996
    },
    "edge_indices": [
        70,
        71,
        72,
        110,
        151,
        165,
        168,
        183,
        186,
        202,
        205,
        222,
        225,
        11346,
        12258,
        12261,
        12397,
        16848,
        17032,
        17035,
        17217,
        18340,
        18341,
        18342,
        18355,
        18356,
        18357,
        18493,
        18520,
        18521,
        18522,
        18920,
        18921,
        18932,
        18934,
        18935,
        18936,
        19072,
        19100,
        19101,
        19501,
        19515,
        19698,
        19713,
        19716,
        19858,
        19893,
        19896,
        19899,
        19912,
        19915,
        20051,
        20092,
        20095,
        20112,
        20115,
        20292,
        20295,
        54620,
        54635,
        54636,
        54812,
        54815,
        56628,
        56631,
        56808,
        56811,
        56815
    ],
    "network_statistics": {
        "nodes_per_network": {
            "Limbic": 26,
            "DefaultMode": 4,
            "SomatoMotor": 3,
            "PrefrontalControlA": 2
        },
        "per_network": {
            "Limbic": 77,
            "DefaultMode": 33,
            "SomatoMotor": 21,
            "PrefrontalControlA": 5
        },
        "intra_network": {
            "Limbic": 16,
            "SomatoMotor": 1
        },
        "inter_network": {
            "DefaultMode \u2194 Limbic": 30,
            "Limbic \u2194 SomatoMotor": 15,
            "PrefrontalControlA \u2194 SomatoMotor": 3,
            "DefaultMode \u2194 PrefrontalControlA": 2,
            "DefaultMode \u2194 SomatoMotor": 1
        }
    }
}